{
  "project_info": {
    "project_number": "244011722543",
    "project_id": "stbs-1b13c",
    "storage_bucket": "stbs-1b13c.appspot.com"
  },
  "client": [
    {
      "client_info": {
        "mobilesdk_app_id": "1:244011722543:android:3c4cf9ae4f6e961f1ae3da",
        "android_client_info": {
          "package_name": "com.example.stbs"
        }
      },
      "oauth_client": [
        {
          "client_id": "244011722543-h267sbsrg0hc2t9o533p4gevq484hpf6.apps.googleusercontent.com",
          "client_type": 3
        }
      ],
      "api_key": [
        {
          "current_key": "AIzaSyD_LFXIIDLVcgmyFGQ4xsMNCxlTk1vFdUM"
        }
      ],
      "services": {
        "appinvite_service": {
          "other_platform_oauth_client": [
            {
              "client_id": "244011722543-h267sbsrg0hc2t9o533p4gevq484hpf6.apps.googleusercontent.com",
              "client_type": 3
            }
          ]
        }
      }
    }
  ],
  "configuration_version": "1"
}